"capitulo","orden","pregunta","respuesta","a","b","c","d"
guia2,1,"Which of the following is an option for choosing a computing resource in Google Cloud?","b","Cache","Virtual machine (VM)","Block","Subnet"
guia2,2,"If you use a cluster that is managed by a cloud provider, which of these will be managed for you by the cloud provider?","d","Monitoring","Networking","Some security management tasks","All of the above"
guia2,3,"You need serverless computing for file processing and running the back end of a website. Which two products can you choose from Google Cloud?","b","Kubernetes Engine and Compute Engine","Cloud Run and Cloud Functions","Cloud Functions and Compute Engine","Cloud Functions and Kubernetes Engine"
guia2,4,"You have been asked to design a storage system for a web application that allows users to upload large data files to be analyzed by a data analytics workflow. The files should be stored in a high availability storage system. Filesystem functionality is not required. Which storage system in Google Cloud should be used?","b","Block storage","Object storage","Cache","Network File System"
guia2,5,"All block storage systems use what block size?","d","4 KB.","8 KB.","16 KB.","Block size can vary."
guia2,6,"You have been asked to set up network security in a virtual private cloud. Your company wants to have multiple subnetworks and limit traffic between the subnetworks. Which network security control would you use to control the flow of traffic between subnets?","c","Identity access management","Router","Firewall","IP address table"
guia2,7,"When you create a machine learning service to learn how to classify objects using tabular data, what type of servers should you choose to manage compute resources?","c","Virtual machines (VMs).","Clusters of VMs.","No servers; you should use specialized services, which are serverless.","VMs running Linux only."
guia2,8,"When does investing in servers for extended periods of time, such as committing to use servers for three to five years, work well?","b","When a company is just starting up","When a company can accurately predict server need for an extended period of time","When a company has a fixed IT budget","When a company has a variable IT budget"
guia2,9,"Your company is based in North America and will be running a virtual server for batch processing invoices. What factor determines the unit per minute cost?","b","The time of day the virtual machine (VM) is run","The characteristics of the server","The application you run","None of the above"
guia2,10,"You plan to use AutoML to analyze sales data and predict product demand in the near future. You plan to analyze between 1000 and 2500 products per hour. How many VMs should you allocate to meet peak demand?","d","1.","10.","25.","None; AutoML is a serverless service."
guia2,11,"You have to run a number of services to support an application. Which of the following is a good deployment model?","b","Run on a large, single VM.","Use containers in a managed cluster.","Use two large VMs, making one of them read only.","Use a small VM for all services and increase the size of the VM when CPU utilization exceeds 90 percent."
guia2,12,"You have created a VM. Which of the following system administration operations are you allowed to perform on it?","d","Configure the filesystem.","Patch operating system software.","Change file and directory permissions.","All of the above."
guia2,13,"Cloud Filestore is based on what filesystem technology?","a","Network File System (NFS)","XFS","EXT4","ReiserFS"
guia2,14,"When creating resources in Google Cloud, those resources are always part of what?","a","Virtual private cloud","Subdomain","Cluster","None of the above"
guia2,15,"You need to store data for an application and are using a cache. How will the cache affect data retrieval?","d","A cache improves the execution of client-side JavaScript.","A cache will continue to store data even if power is lost, improving availability.","Caches can get out of sync with the system of truth.","Using a cache will reduce latency, since retrieving from a cache is faster than retrieving from SSDs or HDDs."
guia2,16,"Why can cloud providers offer elastic resource allocation?","b","Cloud providers can take resources from lower-priority customers and give them to higher-priority customers.","Extensive resources and the ability to quickly shift resources between customers enables public cloud providers to offer elastic resource allocation more efficiently than can be done in smaller data centers.","They charge more the more resources you use.","They don't."
guia2,17,"What is not a characteristic of specialized services in Google Cloud?","c","They are serverless; you do not need to configure servers or clusters.","They provide a specific function, such as translating text or analyzing images.","They require monitoring by the user.","They provide an API to access the functionality of the service."
guia2,18,"Your client's transactions must access a drive attached to a VM that allows for random access to parts of files. What kind of storage does the attached drive provide?","b","Object storage","Block storage","NoSQL storage","SQL storage"
guia2,19,"You are deploying a new relational database to support a web application. Which type of storage system would you use to store data files of the database?","c","Object storage","Data storage","Block storage","Cache"
guia2,20,"A user prefers services that require minimal setup; why would you recommend Cloud Storage, Cloud Run, and Cloud Functions?","b","They are charged only by time.","They are serverless.","They require a user to configure VMs.","They can only run applications written in Go."